-- =============================================================================
-- Seed data for vaad-chacham demo
-- =============================================================================

-- 1. Building
INSERT INTO public.buildings (id, name, street, house_number, city, total_units, monthly_fee, floors)
VALUES (
  'a1b2c3d4-0000-0000-0000-000000000001',
  'בניין רמת אביב',
  'רחוב ויצמן',
  '12',
  'תל אביב',
  8,
  350,
  4
) ON CONFLICT (id) DO NOTHING;

-- 2. Units
INSERT INTO public.units (id, building_id, number, floor, area, rooms, monthly_fee, notes)
VALUES
  ('00000001-0001-0000-0000-000000000001', 'a1b2c3d4-0000-0000-0000-000000000001', '1', 0, 75, 3, 350, ''),
  ('00000002-0001-0000-0000-000000000001', 'a1b2c3d4-0000-0000-0000-000000000001', '2', 0, 80, 3, 350, ''),
  ('00000003-0001-0000-0000-000000000001', 'a1b2c3d4-0000-0000-0000-000000000001', '3', 1, 65, 2, 350, ''),
  ('00000004-0001-0000-0000-000000000001', 'a1b2c3d4-0000-0000-0000-000000000001', '4', 1, 90, 4, 350, ''),
  ('00000005-0001-0000-0000-000000000001', 'a1b2c3d4-0000-0000-0000-000000000001', '5', 2, 70, 3, 350, ''),
  ('00000006-0001-0000-0000-000000000001', 'a1b2c3d4-0000-0000-0000-000000000001', '6', 2, 85, 3, 350, ''),
  ('00000007-0001-0000-0000-000000000001', 'a1b2c3d4-0000-0000-0000-000000000001', '7', 3, 95, 4, 350, ''),
  ('00000008-0001-0000-0000-000000000001', 'a1b2c3d4-0000-0000-0000-000000000001', '8', 3, 60, 2, 350, '')
ON CONFLICT (id) DO NOTHING;

-- 3. Unit residents (owners)
INSERT INTO public.unit_residents (id, unit_id, first_name, last_name, phone, email, resident_type, is_primary)
VALUES
  ('00000001-0000-0001-0000-000000000001', '00000001-0001-0000-0000-000000000001', 'דוד', 'לוי', '050-1234567', 'david@example.com', 'owner', true),
  ('00000002-0000-0001-0000-000000000001', '00000002-0001-0000-0000-000000000001', 'רחל', 'כהן', '052-2345678', 'rachel@example.com', 'owner', true),
  ('00000003-0000-0001-0000-000000000001', '00000003-0001-0000-0000-000000000001', 'משה', 'ברגר', '054-3456789', 'moshe@example.com', 'owner', true),
  ('00000004-0000-0001-0000-000000000001', '00000004-0001-0000-0000-000000000001', 'שרה', 'גולן', '050-4567890', 'sara@example.com', 'owner', true),
  ('00000005-0000-0001-0000-000000000001', '00000005-0001-0000-0000-000000000001', 'יוסף', 'אברהם', '052-5678901', 'yosef@example.com', 'owner', true),
  ('00000006-0000-0001-0000-000000000001', '00000006-0001-0000-0000-000000000001', 'מרים', 'שפירא', '054-6789012', 'miriam@example.com', 'owner', true),
  ('00000007-0000-0001-0000-000000000001', '00000007-0001-0000-0000-000000000001', 'אברהם', 'פרץ', '050-7890123', 'avraham@example.com', 'owner', true),
  ('00000008-0000-0001-0000-000000000001', '00000008-0001-0000-0000-000000000001', 'חנה', 'מזרחי', '052-8901234', 'hana@example.com', 'owner', true)
ON CONFLICT (id) DO NOTHING;

-- 4. Payments — March 2026
INSERT INTO public.payments (id, building_id, unit_id, amount, month, paid_at, status, method, notes)
VALUES
  ('00000001-0002-0000-0000-000000000001', 'a1b2c3d4-0000-0000-0000-000000000001', '00000001-0001-0000-0000-000000000001', 350, '2026-03', '2026-03-02T10:00:00Z', 'paid', 'bank_transfer', ''),
  ('00000002-0002-0000-0000-000000000001', 'a1b2c3d4-0000-0000-0000-000000000001', '00000002-0001-0000-0000-000000000001', 350, '2026-03', '2026-03-05T10:00:00Z', 'paid', 'cash', ''),
  ('00000003-0002-0000-0000-000000000001', 'a1b2c3d4-0000-0000-0000-000000000001', '00000003-0001-0000-0000-000000000001', 350, '2026-03', NULL, 'pending', '', ''),
  ('00000004-0002-0000-0000-000000000001', 'a1b2c3d4-0000-0000-0000-000000000001', '00000004-0001-0000-0000-000000000001', 350, '2026-03', '2026-03-10T10:00:00Z', 'paid', 'bank_transfer', ''),
  ('00000005-0002-0000-0000-000000000001', 'a1b2c3d4-0000-0000-0000-000000000001', '00000005-0001-0000-0000-000000000001', 350, '2026-03', NULL, 'overdue', '', 'לא ענה לטלפון'),
  ('00000006-0002-0000-0000-000000000001', 'a1b2c3d4-0000-0000-0000-000000000001', '00000006-0001-0000-0000-000000000001', 350, '2026-03', '2026-03-03T10:00:00Z', 'paid', 'check', ''),
  ('00000007-0002-0000-0000-000000000001', 'a1b2c3d4-0000-0000-0000-000000000001', '00000007-0001-0000-0000-000000000001', 350, '2026-03', NULL, 'pending', '', ''),
  ('00000008-0002-0000-0000-000000000001', 'a1b2c3d4-0000-0000-0000-000000000001', '00000008-0001-0000-0000-000000000001', 350, '2026-03', '2026-03-08T10:00:00Z', 'paid', 'bank_transfer', '')
ON CONFLICT (id) DO NOTHING;

-- 4. Payments — February 2026
INSERT INTO public.payments (id, building_id, unit_id, amount, month, paid_at, status, method, notes)
VALUES
  ('00000009-0002-0000-0000-000000000001', 'a1b2c3d4-0000-0000-0000-000000000001', '00000001-0001-0000-0000-000000000001', 350, '2026-02', '2026-02-03T10:00:00Z', 'paid', 'bank_transfer', ''),
  ('0000000a-0002-0000-0000-000000000001', 'a1b2c3d4-0000-0000-0000-000000000001', '00000002-0001-0000-0000-000000000001', 350, '2026-02', '2026-02-07T10:00:00Z', 'paid', 'cash', ''),
  ('0000000b-0002-0000-0000-000000000001', 'a1b2c3d4-0000-0000-0000-000000000001', '00000003-0001-0000-0000-000000000001', 350, '2026-02', '2026-02-15T10:00:00Z', 'paid', 'check', ''),
  ('0000000c-0002-0000-0000-000000000001', 'a1b2c3d4-0000-0000-0000-000000000001', '00000004-0001-0000-0000-000000000001', 350, '2026-02', '2026-02-04T10:00:00Z', 'paid', 'bank_transfer', ''),
  ('0000000d-0002-0000-0000-000000000001', 'a1b2c3d4-0000-0000-0000-000000000001', '00000005-0001-0000-0000-000000000001', 350, '2026-02', NULL, 'overdue', '', 'חוב מצטבר'),
  ('0000000e-0002-0000-0000-000000000001', 'a1b2c3d4-0000-0000-0000-000000000001', '00000006-0001-0000-0000-000000000001', 350, '2026-02', '2026-02-02T10:00:00Z', 'paid', 'bank_transfer', ''),
  ('0000000f-0002-0000-0000-000000000001', 'a1b2c3d4-0000-0000-0000-000000000001', '00000007-0001-0000-0000-000000000001', 350, '2026-02', '2026-02-20T10:00:00Z', 'paid', 'check', ''),
  ('00000010-0002-0000-0000-000000000001', 'a1b2c3d4-0000-0000-0000-000000000001', '00000008-0001-0000-0000-000000000001', 350, '2026-02', '2026-02-06T10:00:00Z', 'paid', 'bank_transfer', '')
ON CONFLICT (id) DO NOTHING;

-- 5. Expenses
INSERT INTO public.expenses (id, building_id, amount, category, description, date, vendor, notes)
VALUES
  ('00000001-0003-0000-0000-000000000001', 'a1b2c3d4-0000-0000-0000-000000000001', 850, 'maintenance', 'תיקון מעלית - החלפת חגורה', '2026-03-15', 'מעליות אחים לוי', ''),
  ('00000002-0003-0000-0000-000000000001', 'a1b2c3d4-0000-0000-0000-000000000001', 420, 'cleaning', 'ניקיון חדר מדרגות - מרץ', '2026-03-01', 'שירותי ניקיון כהן', ''),
  ('00000003-0003-0000-0000-000000000001', 'a1b2c3d4-0000-0000-0000-000000000001', 320, 'utilities', 'חשמל - ינואר', '2026-03-10', 'חברת החשמל', ''),
  ('00000004-0003-0000-0000-000000000001', 'a1b2c3d4-0000-0000-0000-000000000001', 280, 'gardening', 'גינון וטיפול בעצים', '2026-03-20', 'גינון ירוק', ''),
  ('00000005-0003-0000-0000-000000000001', 'a1b2c3d4-0000-0000-0000-000000000001', 1200, 'insurance', 'ביטוח בניין - רבעון', '2026-03-01', 'מגדל ביטוח', ''),
  ('00000006-0003-0000-0000-000000000001', 'a1b2c3d4-0000-0000-0000-000000000001', 180, 'maintenance', 'תיקון נורות חניה', '2026-03-25', 'חשמלאי שמואל', ''),
  ('00000007-0003-0000-0000-000000000001', 'a1b2c3d4-0000-0000-0000-000000000001', 550, 'maintenance', 'ריסוס חרקים', '2026-02-28', 'הדברה ישראלית', '')
ON CONFLICT (id) DO NOTHING;

-- 6. Vendors (global, no building_id)
INSERT INTO public.vendors (id, name, category, phone, email, rating, notes, preferred)
VALUES
  ('00000001-0004-0000-0000-000000000001', 'מעליות אחים לוי', 'elevator', '03-5551234', 'levi@elevators.co.il', 5, 'שירות מהיר ואמין', true),
  ('00000002-0004-0000-0000-000000000001', 'שירותי ניקיון כהן', 'cleaning', '054-7771234', 'cohen@clean.co.il', 4, 'מנקות כל יום ראשון', false),
  ('00000003-0004-0000-0000-000000000001', 'אינסטלטור שלמה', 'plumbing', '050-3334567', '', 4, '', false),
  ('00000004-0004-0000-0000-000000000001', 'חשמלאי שמואל', 'electrical', '052-9998765', '', 5, 'זמין גם בשעת חירום', true),
  ('00000005-0004-0000-0000-000000000001', 'גינון ירוק', 'gardening', '054-1112233', '', 3, 'מגיע פעם בחודש', false)
ON CONFLICT (id) DO NOTHING;

-- 7. Issues
INSERT INTO public.issues (id, building_id, title, description, category, priority, status, reported_at)
VALUES
  ('00000001-0005-0000-0000-000000000001', 'a1b2c3d4-0000-0000-0000-000000000001', 'רעש חריג במעלית', 'המעלית משמיעה רעש חריג בעת עצירה בקומה 2', 'elevator', 'high', 'in_progress', '2026-03-20T10:00:00Z'),
  ('00000002-0005-0000-0000-000000000001', 'a1b2c3d4-0000-0000-0000-000000000001', 'נזילה בגג', 'נזילת מים מהתקרה בעת גשם', 'plumbing', 'urgent', 'reported', '2026-03-22T10:00:00Z'),
  ('00000003-0005-0000-0000-000000000001', 'a1b2c3d4-0000-0000-0000-000000000001', 'נורה שרופה בכניסה', 'נורה שרופה ליד תיבות הדואר', 'electrical', 'low', 'resolved', '2026-03-10T10:00:00Z'),
  ('00000004-0005-0000-0000-000000000001', 'a1b2c3d4-0000-0000-0000-000000000001', 'דלת כניסה לא נסגרת', 'דלת הכניסה הראשית לא נועלת כראוי', 'security', 'high', 'reported', '2026-03-25T10:00:00Z')
ON CONFLICT (id) DO NOTHING;

-- 8. Compliance records
INSERT INTO public.compliance (id, building_id, title, type, expiry_date, issue_date, document_number, notes)
VALUES
  ('00000001-0006-0000-0000-000000000001', 'a1b2c3d4-0000-0000-0000-000000000001', 'בדיקת מעלית תקופתית', 'elevator_inspection', '2026-12-31', '2026-01-15', 'EL-2026-001', 'אושר ע"י מכון התקנים'),
  ('00000002-0006-0000-0000-000000000001', 'a1b2c3d4-0000-0000-0000-000000000001', 'בדיקת מטפי אש', 'fire_safety', '2026-04-30', '2025-04-30', 'FS-2025-042', 'יש לחדש עד סוף אפריל'),
  ('00000003-0006-0000-0000-000000000001', 'a1b2c3d4-0000-0000-0000-000000000001', 'ביטוח בניין', 'insurance', '2026-12-31', '2026-01-01', '54321', 'פוליסה מס 54321')
ON CONFLICT (id) DO NOTHING;

-- 9. Recurring tasks
INSERT INTO public.recurring_tasks (id, building_id, title, frequency, next_due_date, notes)
VALUES
  ('00000001-0007-0000-0000-000000000001', 'a1b2c3d4-0000-0000-0000-000000000001', 'ניקיון חדר מדרגות', 'weekly', '2026-04-06', 'שירותי ניקיון כהן'),
  ('00000002-0007-0000-0000-000000000001', 'a1b2c3d4-0000-0000-0000-000000000001', 'בדיקת מעלית', 'monthly', '2026-04-15', 'מעליות אחים לוי'),
  ('00000003-0007-0000-0000-000000000001', 'a1b2c3d4-0000-0000-0000-000000000001', 'גינון', 'monthly', '2026-04-20', 'גינון ירוק'),
  ('00000004-0007-0000-0000-000000000001', 'a1b2c3d4-0000-0000-0000-000000000001', 'ריסוס חרקים', 'quarterly', '2026-05-28', 'הדברה ישראלית'),
  ('00000005-0007-0000-0000-000000000001', 'a1b2c3d4-0000-0000-0000-000000000001', 'בדיקת מטפי אש', 'yearly', '2026-04-30', '')
ON CONFLICT (id) DO NOTHING;

-- 10. Building assets
INSERT INTO public.building_assets (id, building_id, name, category, install_date, next_service, status, notes)
VALUES
  ('00000001-0008-0000-0000-000000000001', 'a1b2c3d4-0000-0000-0000-000000000001', 'מעלית KONE', 'elevator', '2018-06-01', '2026-12-31', 'active', 'דגם KONE MonoSpace 500'),
  ('00000002-0008-0000-0000-000000000001', 'a1b2c3d4-0000-0000-0000-000000000001', 'גנרטור גיבוי', 'electrical', '2020-03-15', '2026-09-01', 'active', 'גנרטור 15kW לחירום'),
  ('00000003-0008-0000-0000-000000000001', 'a1b2c3d4-0000-0000-0000-000000000001', 'מצלמות אבטחה', 'security', '2022-01-10', '2027-01-10', 'active', '4 מצלמות HD עם הקלטה'),
  ('00000004-0008-0000-0000-000000000001', 'a1b2c3d4-0000-0000-0000-000000000001', 'משאבת מים', 'plumbing', '2019-08-20', '2026-08-20', 'active', 'משאבה לגגון')
ON CONFLICT (id) DO NOTHING;

-- 11. Announcements
INSERT INTO public.announcements (id, building_id, title, content, priority, published_at, expires_at)
VALUES
  ('00000001-0009-0000-0000-000000000001', 'a1b2c3d4-0000-0000-0000-000000000001', 'ישיבת ועד - אפריל 2026', 'ישיבת ועד הבית תתקיים ביום רביעי 8/4/2026 בשעה 19:00 בלובי הבניין. נושאים: תקציב, שיפוץ חזית, שונות.', 'normal', '2026-03-28T10:00:00Z', '2026-04-09'),
  ('00000002-0009-0000-0000-000000000001', 'a1b2c3d4-0000-0000-0000-000000000001', 'ניקיון חניון - 3/4', 'ביום שישי 3/4/2026 יתקיים ניקיון חניון. נא לפנות רכבים עד 8:00 בבוקר.', 'high', '2026-03-27T08:00:00Z', '2026-04-03'),
  ('00000003-0009-0000-0000-000000000001', 'a1b2c3d4-0000-0000-0000-000000000001', 'תזכורת - תשלום ועד בית', 'תזכורת לדיירים שטרם שילמו את דמי הועד לחודש מרץ. נא להסדיר עד סוף החודש.', 'normal', '2026-03-25T09:00:00Z', '2026-03-31')
ON CONFLICT (id) DO NOTHING;
